sale_id,date,store,customer_id,amount
S00001,2026-01-01,B店,C00518,5000
S00002,2026-01-03,A店,C00025,5000
S00003,2026-01-07,A店,C00028,2000
S00004,2026-01-10,B店,C00489,2000
S00005,2026-01-12,A店,C00047,2000
S00006,2026-01-28,B店,C00487,3000
S00007,2026-02-01,A店,C00126,5000
S00008,2026-02-01,B店,C00542,2000
S00009,2026-02-03,A店,C00091,2000
S00010,2026-02-03,B店,C00555,5000
S00011,2026-02-04,B店,C00558,2000
S00012,2026-02-06,B店,C00552,5000
S00013,2026-02-07,A店,C00117,5000
S00014,2026-02-08,A店,C00108,5000
S00015,2026-02-10,B店,C00547,3000
S00016,2026-02-12,B店,C00536,2000
S00017,2026-02-14,A店,C00105,3000
S00018,2026-02-15,B店,C00535,2000
S00019,2026-02-17,B店,C00540,3000
S00020,2026-02-22,B店,C00523,2000
S00021,2026-02-22,B店,C00533,3000
S00022,2026-02-24,A店,C00119,2000
S00023,2026-02-25,A店,C00123,3000
S00024,2026-02-27,A店,C00098,2000
S00025,2026-02-28,A店,C00092,2000
S00026,2026-03-01,B店,C00584,2000
S00027,2026-03-07,A店,C00175,2000
S00028,2026-03-07,A店,C00180,3000
S00029,2026-03-07,B店,C00564,3000
S00030,2026-03-08,B店,C00595,3000
S00031,2026-03-08,B店,BO0008,5000
S00032,2026-03-08,B店,BO0049,10000
S00033,2026-03-08,B店,BO0067,5000
S00034,2026-03-09,B店,BO0031,5000
S00035,2026-03-10,B店,BO0006,3000
S00036,2026-03-10,B店,BO0016,10000
S00037,2026-03-11,B店,BO0088,5000
S00038,2026-03-11,B店,BO0091,3000
S00039,2026-03-12,B店,BO0054,10000
S00040,2026-03-12,B店,BO0068,5000
S00041,2026-03-12,B店,BO0076,3000
S00042,2026-03-13,B店,BO0058,3000
S00043,2026-03-14,B店,BO0034,3000
S00044,2026-03-14,B店,BO0065,10000
S00045,2026-03-15,B店,BO0037,5000
S00046,2026-03-15,B店,BO0057,3000
S00047,2026-03-16,B店,BO0056,5000
S00048,2026-03-16,B店,BO0063,3000
S00049,2026-03-16,B店,BO0093,3000
S00050,2026-03-16,B店,BO0114,3000
S00051,2026-03-16,B店,BO0119,10000
S00052,2026-03-17,B店,BO0014,5000
S00053,2026-03-17,B店,BO0030,5000
S00054,2026-03-17,B店,BO0033,5000
S00055,2026-03-17,B店,BO0052,5000
S00056,2026-03-17,B店,BO0064,3000
S00057,2026-03-17,B店,BO0102,3000
S00058,2026-03-18,B店,BO0015,10000
S00059,2026-03-18,B店,BO0062,5000
S00060,2026-03-19,B店,BO0024,5000
S00061,2026-03-19,B店,BO0041,5000
S00062,2026-03-20,B店,BO0107,10000
S00063,2026-03-21,B店,BO0011,3000
S00064,2026-03-21,B店,BO0077,3000
S00065,2026-03-22,A店,C00167,5000
S00066,2026-03-22,A店,C00198,5000
S00067,2026-03-22,B店,BO0060,5000
S00068,2026-03-24,A店,C00183,5000
S00069,2026-03-25,A店,C00193,3000
S00070,2026-03-25,B店,C00569,3000
S00071,2026-03-27,A店,C00218,3000
S00072,2026-03-28,A店,C00182,3000
S00073,2026-03-28,A店,C00200,5000
S00074,2026-03-28,B店,C00594,3000
S00075,2026-03-29,B店,C00571,3000
S00076,2026-04-01,A店,C00301,2000
S00077,2026-04-01,B店,C00632,2000
S00078,2026-04-02,A店,C00246,3000
S00079,2026-04-03,A店,C00269,2000
S00080,2026-04-13,A店,C00252,3000
S00081,2026-04-19,B店,C00623,5000
S00082,2026-04-21,A店,C00303,3000
S00083,2026-04-26,B店,C00634,3000
S00084,2026-04-27,A店,C00262,2000
S00085,2026-05-03,A店,C00368,3000
S00086,2026-05-04,B店,C00678,2000
S00087,2026-05-05,A店,C00396,2000
S00088,2026-05-06,B店,C00651,3000
S00089,2026-05-11,A店,C00323,3000
S00090,2026-05-13,B店,C00657,5000
S00091,2026-05-14,B店,C00660,3000
S00092,2026-05-17,B店,C00675,5000
S00093,2026-05-18,B店,C00667,3000
S00094,2026-05-25,A店,C00342,5000
S00095,2026-05-25,A店,C00399,5000
S00096,2026-06-01,A店,C00418,2000
S00097,2026-06-02,A店,C00454,3000
S00098,2026-06-05,A店,C00425,2000
S00099,2026-06-06,A店,C00470,2000
S00100,2026-06-06,A店,C00472,2000
S00101,2026-06-11,A店,C00402,5000
S00102,2026-06-14,A店,C00401,5000
S00103,2026-06-14,B店,C00705,5000
S00104,2026-06-15,B店,C00698,2000
S00105,2026-06-18,B店,C00701,2000
S00106,2026-06-18,B店,C00707,2000
S00107,2026-06-22,B店,C00713,5000
S00108,2026-06-28,A店,C00428,3000
