customer_id,store,first_visit_date,channel
AO0000,A店,2024-06-01,存量老客
AO0001,A店,2024-06-01,存量老客
AO0002,A店,2024-06-01,存量老客
AO0003,A店,2024-06-01,存量老客
AO0004,A店,2024-06-01,存量老客
AO0005,A店,2024-06-01,存量老客
AO0006,A店,2024-06-01,存量老客
AO0007,A店,2024-06-01,存量老客
AO0008,A店,2024-06-01,存量老客
AO0009,A店,2024-06-01,存量老客
AO0010,A店,2024-06-01,存量老客
AO0011,A店,2024-06-01,存量老客
AO0012,A店,2024-06-01,存量老客
AO0013,A店,2024-06-01,存量老客
AO0014,A店,2024-06-01,存量老客
AO0015,A店,2024-06-01,存量老客
AO0016,A店,2024-06-01,存量老客
AO0017,A店,2024-06-01,存量老客
AO0018,A店,2024-06-01,存量老客
AO0019,A店,2024-06-01,存量老客
AO0020,A店,2024-06-01,存量老客
AO0021,A店,2024-06-01,存量老客
AO0022,A店,2024-06-01,存量老客
AO0023,A店,2024-06-01,存量老客
AO0024,A店,2024-06-01,存量老客
AO0025,A店,2024-06-01,存量老客
AO0026,A店,2024-06-01,存量老客
AO0027,A店,2024-06-01,存量老客
AO0028,A店,2024-06-01,存量老客
AO0029,A店,2024-06-01,存量老客
AO0030,A店,2024-06-01,存量老客
AO0031,A店,2024-06-01,存量老客
AO0032,A店,2024-06-01,存量老客
AO0033,A店,2024-06-01,存量老客
AO0034,A店,2024-06-01,存量老客
AO0035,A店,2024-06-01,存量老客
AO0036,A店,2024-06-01,存量老客
AO0037,A店,2024-06-01,存量老客
AO0038,A店,2024-06-01,存量老客
AO0039,A店,2024-06-01,存量老客
AO0040,A店,2024-06-01,存量老客
AO0041,A店,2024-06-01,存量老客
AO0042,A店,2024-06-01,存量老客
AO0043,A店,2024-06-01,存量老客
AO0044,A店,2024-06-01,存量老客
AO0045,A店,2024-06-01,存量老客
AO0046,A店,2024-06-01,存量老客
AO0047,A店,2024-06-01,存量老客
AO0048,A店,2024-06-01,存量老客
AO0049,A店,2024-06-01,存量老客
AO0050,A店,2024-06-01,存量老客
AO0051,A店,2024-06-01,存量老客
AO0052,A店,2024-06-01,存量老客
AO0053,A店,2024-06-01,存量老客
AO0054,A店,2024-06-01,存量老客
AO0055,A店,2024-06-01,存量老客
AO0056,A店,2024-06-01,存量老客
AO0057,A店,2024-06-01,存量老客
AO0058,A店,2024-06-01,存量老客
AO0059,A店,2024-06-01,存量老客
AO0060,A店,2024-06-01,存量老客
AO0061,A店,2024-06-01,存量老客
AO0062,A店,2024-06-01,存量老客
AO0063,A店,2024-06-01,存量老客
AO0064,A店,2024-06-01,存量老客
AO0065,A店,2024-06-01,存量老客
AO0066,A店,2024-06-01,存量老客
AO0067,A店,2024-06-01,存量老客
AO0068,A店,2024-06-01,存量老客
AO0069,A店,2024-06-01,存量老客
AO0070,A店,2024-06-01,存量老客
AO0071,A店,2024-06-01,存量老客
AO0072,A店,2024-06-01,存量老客
AO0073,A店,2024-06-01,存量老客
AO0074,A店,2024-06-01,存量老客
AO0075,A店,2024-06-01,存量老客
AO0076,A店,2024-06-01,存量老客
AO0077,A店,2024-06-01,存量老客
AO0078,A店,2024-06-01,存量老客
AO0079,A店,2024-06-01,存量老客
AO0080,A店,2024-06-01,存量老客
AO0081,A店,2024-06-01,存量老客
AO0082,A店,2024-06-01,存量老客
AO0083,A店,2024-06-01,存量老客
AO0084,A店,2024-06-01,存量老客
AO0085,A店,2024-06-01,存量老客
AO0086,A店,2024-06-01,存量老客
AO0087,A店,2024-06-01,存量老客
AO0088,A店,2024-06-01,存量老客
AO0089,A店,2024-06-01,存量老客
AO0090,A店,2024-06-01,存量老客
AO0091,A店,2024-06-01,存量老客
AO0092,A店,2024-06-01,存量老客
AO0093,A店,2024-06-01,存量老客
AO0094,A店,2024-06-01,存量老客
AO0095,A店,2024-06-01,存量老客
AO0096,A店,2024-06-01,存量老客
AO0097,A店,2024-06-01,存量老客
AO0098,A店,2024-06-01,存量老客
AO0099,A店,2024-06-01,存量老客
AO0100,A店,2024-06-01,存量老客
AO0101,A店,2024-06-01,存量老客
AO0102,A店,2024-06-01,存量老客
AO0103,A店,2024-06-01,存量老客
AO0104,A店,2024-06-01,存量老客
AO0105,A店,2024-06-01,存量老客
AO0106,A店,2024-06-01,存量老客
AO0107,A店,2024-06-01,存量老客
AO0108,A店,2024-06-01,存量老客
AO0109,A店,2024-06-01,存量老客
AO0110,A店,2024-06-01,存量老客
AO0111,A店,2024-06-01,存量老客
AO0112,A店,2024-06-01,存量老客
AO0113,A店,2024-06-01,存量老客
AO0114,A店,2024-06-01,存量老客
AO0115,A店,2024-06-01,存量老客
AO0116,A店,2024-06-01,存量老客
AO0117,A店,2024-06-01,存量老客
AO0118,A店,2024-06-01,存量老客
AO0119,A店,2024-06-01,存量老客
AO0120,A店,2024-06-01,存量老客
AO0121,A店,2024-06-01,存量老客
AO0122,A店,2024-06-01,存量老客
AO0123,A店,2024-06-01,存量老客
AO0124,A店,2024-06-01,存量老客
AO0125,A店,2024-06-01,存量老客
AO0126,A店,2024-06-01,存量老客
AO0127,A店,2024-06-01,存量老客
AO0128,A店,2024-06-01,存量老客
AO0129,A店,2024-06-01,存量老客
AO0130,A店,2024-06-01,存量老客
AO0131,A店,2024-06-01,存量老客
AO0132,A店,2024-06-01,存量老客
AO0133,A店,2024-06-01,存量老客
AO0134,A店,2024-06-01,存量老客
AO0135,A店,2024-06-01,存量老客
AO0136,A店,2024-06-01,存量老客
AO0137,A店,2024-06-01,存量老客
AO0138,A店,2024-06-01,存量老客
AO0139,A店,2024-06-01,存量老客
AO0140,A店,2024-06-01,存量老客
AO0141,A店,2024-06-01,存量老客
AO0142,A店,2024-06-01,存量老客
AO0143,A店,2024-06-01,存量老客
AO0144,A店,2024-06-01,存量老客
AO0145,A店,2024-06-01,存量老客
AO0146,A店,2024-06-01,存量老客
AO0147,A店,2024-06-01,存量老客
AO0148,A店,2024-06-01,存量老客
AO0149,A店,2024-06-01,存量老客
AO0150,A店,2024-06-01,存量老客
AO0151,A店,2024-06-01,存量老客
AO0152,A店,2024-06-01,存量老客
AO0153,A店,2024-06-01,存量老客
AO0154,A店,2024-06-01,存量老客
AO0155,A店,2024-06-01,存量老客
AO0156,A店,2024-06-01,存量老客
AO0157,A店,2024-06-01,存量老客
AO0158,A店,2024-06-01,存量老客
AO0159,A店,2024-06-01,存量老客
AO0160,A店,2024-06-01,存量老客
AO0161,A店,2024-06-01,存量老客
AO0162,A店,2024-06-01,存量老客
AO0163,A店,2024-06-01,存量老客
AO0164,A店,2024-06-01,存量老客
AO0165,A店,2024-06-01,存量老客
AO0166,A店,2024-06-01,存量老客
AO0167,A店,2024-06-01,存量老客
AO0168,A店,2024-06-01,存量老客
AO0169,A店,2024-06-01,存量老客
AO0170,A店,2024-06-01,存量老客
AO0171,A店,2024-06-01,存量老客
AO0172,A店,2024-06-01,存量老客
AO0173,A店,2024-06-01,存量老客
AO0174,A店,2024-06-01,存量老客
AO0175,A店,2024-06-01,存量老客
AO0176,A店,2024-06-01,存量老客
AO0177,A店,2024-06-01,存量老客
AO0178,A店,2024-06-01,存量老客
AO0179,A店,2024-06-01,存量老客
AO0180,A店,2024-06-01,存量老客
AO0181,A店,2024-06-01,存量老客
AO0182,A店,2024-06-01,存量老客
AO0183,A店,2024-06-01,存量老客
AO0184,A店,2024-06-01,存量老客
AO0185,A店,2024-06-01,存量老客
AO0186,A店,2024-06-01,存量老客
AO0187,A店,2024-06-01,存量老客
AO0188,A店,2024-06-01,存量老客
AO0189,A店,2024-06-01,存量老客
AO0190,A店,2024-06-01,存量老客
AO0191,A店,2024-06-01,存量老客
AO0192,A店,2024-06-01,存量老客
AO0193,A店,2024-06-01,存量老客
AO0194,A店,2024-06-01,存量老客
AO0195,A店,2024-06-01,存量老客
AO0196,A店,2024-06-01,存量老客
AO0197,A店,2024-06-01,存量老客
AO0198,A店,2024-06-01,存量老客
AO0199,A店,2024-06-01,存量老客
AO0200,A店,2024-06-01,存量老客
AO0201,A店,2024-06-01,存量老客
AO0202,A店,2024-06-01,存量老客
AO0203,A店,2024-06-01,存量老客
AO0204,A店,2024-06-01,存量老客
AO0205,A店,2024-06-01,存量老客
AO0206,A店,2024-06-01,存量老客
AO0207,A店,2024-06-01,存量老客
AO0208,A店,2024-06-01,存量老客
AO0209,A店,2024-06-01,存量老客
AO0210,A店,2024-06-01,存量老客
AO0211,A店,2024-06-01,存量老客
AO0212,A店,2024-06-01,存量老客
AO0213,A店,2024-06-01,存量老客
AO0214,A店,2024-06-01,存量老客
AO0215,A店,2024-06-01,存量老客
AO0216,A店,2024-06-01,存量老客
AO0217,A店,2024-06-01,存量老客
AO0218,A店,2024-06-01,存量老客
AO0219,A店,2024-06-01,存量老客
AO0220,A店,2024-06-01,存量老客
AO0221,A店,2024-06-01,存量老客
AO0222,A店,2024-06-01,存量老客
AO0223,A店,2024-06-01,存量老客
AO0224,A店,2024-06-01,存量老客
AO0225,A店,2024-06-01,存量老客
AO0226,A店,2024-06-01,存量老客
AO0227,A店,2024-06-01,存量老客
AO0228,A店,2024-06-01,存量老客
AO0229,A店,2024-06-01,存量老客
AO0230,A店,2024-06-01,存量老客
AO0231,A店,2024-06-01,存量老客
AO0232,A店,2024-06-01,存量老客
AO0233,A店,2024-06-01,存量老客
AO0234,A店,2024-06-01,存量老客
AO0235,A店,2024-06-01,存量老客
AO0236,A店,2024-06-01,存量老客
AO0237,A店,2024-06-01,存量老客
AO0238,A店,2024-06-01,存量老客
AO0239,A店,2024-06-01,存量老客
AO0240,A店,2024-06-01,存量老客
AO0241,A店,2024-06-01,存量老客
AO0242,A店,2024-06-01,存量老客
AO0243,A店,2024-06-01,存量老客
AO0244,A店,2024-06-01,存量老客
AO0245,A店,2024-06-01,存量老客
AO0246,A店,2024-06-01,存量老客
AO0247,A店,2024-06-01,存量老客
AO0248,A店,2024-06-01,存量老客
AO0249,A店,2024-06-01,存量老客
AO0250,A店,2024-06-01,存量老客
AO0251,A店,2024-06-01,存量老客
AO0252,A店,2024-06-01,存量老客
AO0253,A店,2024-06-01,存量老客
AO0254,A店,2024-06-01,存量老客
AO0255,A店,2024-06-01,存量老客
AO0256,A店,2024-06-01,存量老客
AO0257,A店,2024-06-01,存量老客
AO0258,A店,2024-06-01,存量老客
AO0259,A店,2024-06-01,存量老客
AO0260,A店,2024-06-01,存量老客
AO0261,A店,2024-06-01,存量老客
AO0262,A店,2024-06-01,存量老客
AO0263,A店,2024-06-01,存量老客
AO0264,A店,2024-06-01,存量老客
AO0265,A店,2024-06-01,存量老客
AO0266,A店,2024-06-01,存量老客
AO0267,A店,2024-06-01,存量老客
AO0268,A店,2024-06-01,存量老客
AO0269,A店,2024-06-01,存量老客
AO0270,A店,2024-06-01,存量老客
AO0271,A店,2024-06-01,存量老客
AO0272,A店,2024-06-01,存量老客
AO0273,A店,2024-06-01,存量老客
AO0274,A店,2024-06-01,存量老客
AO0275,A店,2024-06-01,存量老客
AO0276,A店,2024-06-01,存量老客
AO0277,A店,2024-06-01,存量老客
AO0278,A店,2024-06-01,存量老客
AO0279,A店,2024-06-01,存量老客
AO0280,A店,2024-06-01,存量老客
AO0281,A店,2024-06-01,存量老客
AO0282,A店,2024-06-01,存量老客
AO0283,A店,2024-06-01,存量老客
AO0284,A店,2024-06-01,存量老客
AO0285,A店,2024-06-01,存量老客
AO0286,A店,2024-06-01,存量老客
AO0287,A店,2024-06-01,存量老客
AO0288,A店,2024-06-01,存量老客
AO0289,A店,2024-06-01,存量老客
AO0290,A店,2024-06-01,存量老客
AO0291,A店,2024-06-01,存量老客
AO0292,A店,2024-06-01,存量老客
AO0293,A店,2024-06-01,存量老客
AO0294,A店,2024-06-01,存量老客
AO0295,A店,2024-06-01,存量老客
AO0296,A店,2024-06-01,存量老客
AO0297,A店,2024-06-01,存量老客
AO0298,A店,2024-06-01,存量老客
AO0299,A店,2024-06-01,存量老客
BO0000,B店,2024-06-01,存量老客
BO0001,B店,2024-06-01,存量老客
BO0002,B店,2024-06-01,存量老客
BO0003,B店,2024-06-01,存量老客
BO0004,B店,2024-06-01,存量老客
BO0005,B店,2024-06-01,存量老客
BO0006,B店,2024-06-01,存量老客
BO0007,B店,2024-06-01,存量老客
BO0008,B店,2024-06-01,存量老客
BO0009,B店,2024-06-01,存量老客
BO0010,B店,2024-06-01,存量老客
BO0011,B店,2024-06-01,存量老客
BO0012,B店,2024-06-01,存量老客
BO0013,B店,2024-06-01,存量老客
BO0014,B店,2024-06-01,存量老客
BO0015,B店,2024-06-01,存量老客
BO0016,B店,2024-06-01,存量老客
BO0017,B店,2024-06-01,存量老客
BO0018,B店,2024-06-01,存量老客
BO0019,B店,2024-06-01,存量老客
BO0020,B店,2024-06-01,存量老客
BO0021,B店,2024-06-01,存量老客
BO0022,B店,2024-06-01,存量老客
BO0023,B店,2024-06-01,存量老客
BO0024,B店,2024-06-01,存量老客
BO0025,B店,2024-06-01,存量老客
BO0026,B店,2024-06-01,存量老客
BO0027,B店,2024-06-01,存量老客
BO0028,B店,2024-06-01,存量老客
BO0029,B店,2024-06-01,存量老客
BO0030,B店,2024-06-01,存量老客
BO0031,B店,2024-06-01,存量老客
BO0032,B店,2024-06-01,存量老客
BO0033,B店,2024-06-01,存量老客
BO0034,B店,2024-06-01,存量老客
BO0035,B店,2024-06-01,存量老客
BO0036,B店,2024-06-01,存量老客
BO0037,B店,2024-06-01,存量老客
BO0038,B店,2024-06-01,存量老客
BO0039,B店,2024-06-01,存量老客
BO0040,B店,2024-06-01,存量老客
BO0041,B店,2024-06-01,存量老客
BO0042,B店,2024-06-01,存量老客
BO0043,B店,2024-06-01,存量老客
BO0044,B店,2024-06-01,存量老客
BO0045,B店,2024-06-01,存量老客
BO0046,B店,2024-06-01,存量老客
BO0047,B店,2024-06-01,存量老客
BO0048,B店,2024-06-01,存量老客
BO0049,B店,2024-06-01,存量老客
BO0050,B店,2024-06-01,存量老客
BO0051,B店,2024-06-01,存量老客
BO0052,B店,2024-06-01,存量老客
BO0053,B店,2024-06-01,存量老客
BO0054,B店,2024-06-01,存量老客
BO0055,B店,2024-06-01,存量老客
BO0056,B店,2024-06-01,存量老客
BO0057,B店,2024-06-01,存量老客
BO0058,B店,2024-06-01,存量老客
BO0059,B店,2024-06-01,存量老客
BO0060,B店,2024-06-01,存量老客
BO0061,B店,2024-06-01,存量老客
BO0062,B店,2024-06-01,存量老客
BO0063,B店,2024-06-01,存量老客
BO0064,B店,2024-06-01,存量老客
BO0065,B店,2024-06-01,存量老客
BO0066,B店,2024-06-01,存量老客
BO0067,B店,2024-06-01,存量老客
BO0068,B店,2024-06-01,存量老客
BO0069,B店,2024-06-01,存量老客
BO0070,B店,2024-06-01,存量老客
BO0071,B店,2024-06-01,存量老客
BO0072,B店,2024-06-01,存量老客
BO0073,B店,2024-06-01,存量老客
BO0074,B店,2024-06-01,存量老客
BO0075,B店,2024-06-01,存量老客
BO0076,B店,2024-06-01,存量老客
BO0077,B店,2024-06-01,存量老客
BO0078,B店,2024-06-01,存量老客
BO0079,B店,2024-06-01,存量老客
BO0080,B店,2024-06-01,存量老客
BO0081,B店,2024-06-01,存量老客
BO0082,B店,2024-06-01,存量老客
BO0083,B店,2024-06-01,存量老客
BO0084,B店,2024-06-01,存量老客
BO0085,B店,2024-06-01,存量老客
BO0086,B店,2024-06-01,存量老客
BO0087,B店,2024-06-01,存量老客
BO0088,B店,2024-06-01,存量老客
BO0089,B店,2024-06-01,存量老客
BO0090,B店,2024-06-01,存量老客
BO0091,B店,2024-06-01,存量老客
BO0092,B店,2024-06-01,存量老客
BO0093,B店,2024-06-01,存量老客
BO0094,B店,2024-06-01,存量老客
BO0095,B店,2024-06-01,存量老客
BO0096,B店,2024-06-01,存量老客
BO0097,B店,2024-06-01,存量老客
BO0098,B店,2024-06-01,存量老客
BO0099,B店,2024-06-01,存量老客
BO0100,B店,2024-06-01,存量老客
BO0101,B店,2024-06-01,存量老客
BO0102,B店,2024-06-01,存量老客
BO0103,B店,2024-06-01,存量老客
BO0104,B店,2024-06-01,存量老客
BO0105,B店,2024-06-01,存量老客
BO0106,B店,2024-06-01,存量老客
BO0107,B店,2024-06-01,存量老客
BO0108,B店,2024-06-01,存量老客
BO0109,B店,2024-06-01,存量老客
BO0110,B店,2024-06-01,存量老客
BO0111,B店,2024-06-01,存量老客
BO0112,B店,2024-06-01,存量老客
BO0113,B店,2024-06-01,存量老客
BO0114,B店,2024-06-01,存量老客
BO0115,B店,2024-06-01,存量老客
BO0116,B店,2024-06-01,存量老客
BO0117,B店,2024-06-01,存量老客
BO0118,B店,2024-06-01,存量老客
BO0119,B店,2024-06-01,存量老客
C00001,A店,2026-01-29,自然到店
C00002,A店,2026-01-16,社交媒体
C00003,A店,2026-01-01,自然到店
C00004,A店,2026-01-12,社交媒体
C00005,A店,2026-01-19,团购平台
C00006,A店,2026-01-26,自然到店
C00007,A店,2026-01-12,自然到店
C00008,A店,2026-01-03,老客介绍
C00009,A店,2026-01-19,团购平台
C00010,A店,2026-01-20,自然到店
C00011,A店,2026-01-06,社交媒体
C00012,A店,2026-01-04,自然到店
C00013,A店,2026-01-13,团购平台
C00014,A店,2026-01-20,自然到店
C00015,A店,2026-01-15,团购平台
C00016,A店,2026-01-27,社交媒体
C00017,A店,2026-01-15,自然到店
C00018,A店,2026-01-19,团购平台
C00019,A店,2026-01-06,社交媒体
C00020,A店,2026-01-12,自然到店
C00021,A店,2026-01-05,自然到店
C00022,A店,2026-01-18,团购平台
C00023,A店,2026-01-19,老客介绍
C00024,A店,2026-01-28,自然到店
C00025,A店,2026-01-03,老客介绍
C00026,A店,2026-01-11,社交媒体
C00027,A店,2026-01-22,团购平台
C00028,A店,2026-01-07,自然到店
C00029,A店,2026-01-16,团购平台
C00030,A店,2026-01-08,团购平台
C00031,A店,2026-01-16,团购平台
C00032,A店,2026-01-29,团购平台
C00033,A店,2026-01-05,团购平台
C00034,A店,2026-01-18,团购平台
C00035,A店,2026-01-02,自然到店
C00036,A店,2026-01-29,自然到店
C00037,A店,2026-01-01,社交媒体
C00038,A店,2026-01-18,自然到店
C00039,A店,2026-01-30,老客介绍
C00040,A店,2026-01-06,自然到店
C00041,A店,2026-01-13,自然到店
C00042,A店,2026-01-24,老客介绍
C00043,A店,2026-01-07,团购平台
C00044,A店,2026-01-04,自然到店
C00045,A店,2026-01-09,老客介绍
C00046,A店,2026-01-12,团购平台
C00047,A店,2026-01-12,老客介绍
C00048,A店,2026-01-07,社交媒体
C00049,A店,2026-01-27,团购平台
C00050,A店,2026-01-11,团购平台
C00051,A店,2026-01-16,老客介绍
C00052,A店,2026-01-24,自然到店
C00053,A店,2026-01-02,社交媒体
C00054,A店,2026-01-10,自然到店
C00055,A店,2026-01-05,自然到店
C00056,A店,2026-01-07,社交媒体
C00057,A店,2026-01-06,自然到店
C00058,A店,2026-01-11,自然到店
C00059,A店,2026-01-21,自然到店
C00060,A店,2026-01-20,团购平台
C00061,A店,2026-01-04,自然到店
C00062,A店,2026-01-26,团购平台
C00063,A店,2026-01-30,团购平台
C00064,A店,2026-01-11,老客介绍
C00065,A店,2026-01-10,团购平台
C00066,A店,2026-01-27,自然到店
C00067,A店,2026-01-18,社交媒体
C00068,A店,2026-01-30,社交媒体
C00069,A店,2026-01-30,老客介绍
C00070,A店,2026-01-02,社交媒体
C00071,A店,2026-01-30,老客介绍
C00072,A店,2026-01-26,自然到店
C00073,A店,2026-01-05,自然到店
C00074,A店,2026-01-24,自然到店
C00075,A店,2026-01-12,团购平台
C00076,A店,2026-01-02,自然到店
C00077,A店,2026-01-10,自然到店
C00078,A店,2026-01-06,老客介绍
C00079,A店,2026-01-27,团购平台
C00080,A店,2026-01-10,自然到店
C00081,A店,2026-02-10,自然到店
C00082,A店,2026-02-15,团购平台
C00083,A店,2026-02-26,团购平台
C00084,A店,2026-02-03,团购平台
C00085,A店,2026-02-19,老客介绍
C00086,A店,2026-02-06,老客介绍
C00087,A店,2026-02-19,团购平台
C00088,A店,2026-02-16,团购平台
C00089,A店,2026-02-25,自然到店
C00090,A店,2026-02-23,社交媒体
C00091,A店,2026-02-03,老客介绍
C00092,A店,2026-02-28,自然到店
C00093,A店,2026-02-12,自然到店
C00094,A店,2026-02-23,自然到店
C00095,A店,2026-02-14,团购平台
C00096,A店,2026-02-20,自然到店
C00097,A店,2026-02-03,团购平台
C00098,A店,2026-02-27,老客介绍
C00099,A店,2026-02-12,团购平台
C00100,A店,2026-02-13,团购平台
C00101,A店,2026-02-04,团购平台
C00102,A店,2026-02-12,自然到店
C00103,A店,2026-02-11,社交媒体
C00104,A店,2026-02-02,老客介绍
C00105,A店,2026-02-14,老客介绍
C00106,A店,2026-02-10,团购平台
C00107,A店,2026-02-18,自然到店
C00108,A店,2026-02-08,社交媒体
C00109,A店,2026-02-24,团购平台
C00110,A店,2026-02-10,老客介绍
C00111,A店,2026-02-20,团购平台
C00112,A店,2026-02-14,自然到店
C00113,A店,2026-02-22,自然到店
C00114,A店,2026-02-08,自然到店
C00115,A店,2026-02-19,老客介绍
C00116,A店,2026-02-24,老客介绍
C00117,A店,2026-02-07,团购平台
C00118,A店,2026-02-19,自然到店
C00119,A店,2026-02-24,老客介绍
C00120,A店,2026-02-07,社交媒体
C00121,A店,2026-02-18,老客介绍
C00122,A店,2026-02-22,社交媒体
C00123,A店,2026-02-25,老客介绍
C00124,A店,2026-02-25,老客介绍
C00125,A店,2026-02-21,自然到店
C00126,A店,2026-02-01,老客介绍
C00127,A店,2026-02-26,团购平台
C00128,A店,2026-02-06,老客介绍
C00129,A店,2026-02-15,老客介绍
C00130,A店,2026-02-04,团购平台
C00131,A店,2026-02-16,社交媒体
C00132,A店,2026-02-20,团购平台
C00133,A店,2026-02-21,老客介绍
C00134,A店,2026-02-04,团购平台
C00135,A店,2026-02-11,团购平台
C00136,A店,2026-02-11,团购平台
C00137,A店,2026-02-01,自然到店
C00138,A店,2026-02-10,老客介绍
C00139,A店,2026-02-28,自然到店
C00140,A店,2026-02-21,自然到店
C00141,A店,2026-02-28,团购平台
C00142,A店,2026-02-26,自然到店
C00143,A店,2026-02-28,团购平台
C00144,A店,2026-02-18,团购平台
C00145,A店,2026-02-09,团购平台
C00146,A店,2026-02-09,团购平台
C00147,A店,2026-02-10,自然到店
C00148,A店,2026-02-04,老客介绍
C00149,A店,2026-02-19,老客介绍
C00150,A店,2026-02-15,社交媒体
C00151,A店,2026-02-28,团购平台
C00152,A店,2026-02-16,老客介绍
C00153,A店,2026-02-22,团购平台
C00154,A店,2026-02-17,老客介绍
C00155,A店,2026-02-13,团购平台
C00156,A店,2026-02-20,团购平台
C00157,A店,2026-02-12,自然到店
C00158,A店,2026-02-25,老客介绍
C00159,A店,2026-02-15,团购平台
C00160,A店,2026-02-11,老客介绍
C00161,A店,2026-03-11,团购平台
C00162,A店,2026-03-09,社交媒体
C00163,A店,2026-03-24,自然到店
C00164,A店,2026-03-18,自然到店
C00165,A店,2026-03-23,自然到店
C00166,A店,2026-03-12,社交媒体
C00167,A店,2026-03-22,社交媒体
C00168,A店,2026-03-02,社交媒体
C00169,A店,2026-03-11,团购平台
C00170,A店,2026-03-28,社交媒体
C00171,A店,2026-03-14,团购平台
C00172,A店,2026-03-17,团购平台
C00173,A店,2026-03-13,自然到店
C00174,A店,2026-03-18,老客介绍
C00175,A店,2026-03-07,团购平台
C00176,A店,2026-03-18,老客介绍
C00177,A店,2026-03-25,老客介绍
C00178,A店,2026-03-07,团购平台
C00179,A店,2026-03-04,自然到店
C00180,A店,2026-03-07,社交媒体
C00181,A店,2026-03-26,老客介绍
C00182,A店,2026-03-28,团购平台
C00183,A店,2026-03-24,团购平台
C00184,A店,2026-03-26,自然到店
C00185,A店,2026-03-26,团购平台
C00186,A店,2026-03-12,社交媒体
C00187,A店,2026-03-18,老客介绍
C00188,A店,2026-03-14,社交媒体
C00189,A店,2026-03-28,团购平台
C00190,A店,2026-03-18,老客介绍
C00191,A店,2026-03-08,团购平台
C00192,A店,2026-03-06,团购平台
C00193,A店,2026-03-25,社交媒体
C00194,A店,2026-03-21,自然到店
C00195,A店,2026-03-13,老客介绍
C00196,A店,2026-03-13,老客介绍
C00197,A店,2026-03-17,社交媒体
C00198,A店,2026-03-22,自然到店
C00199,A店,2026-03-05,自然到店
C00200,A店,2026-03-28,社交媒体
C00201,A店,2026-03-24,老客介绍
C00202,A店,2026-03-06,老客介绍
C00203,A店,2026-03-23,自然到店
C00204,A店,2026-03-16,老客介绍
C00205,A店,2026-03-30,团购平台
C00206,A店,2026-03-19,自然到店
C00207,A店,2026-03-07,老客介绍
C00208,A店,2026-03-04,团购平台
C00209,A店,2026-03-09,社交媒体
C00210,A店,2026-03-23,社交媒体
C00211,A店,2026-03-20,社交媒体
C00212,A店,2026-03-28,团购平台
C00213,A店,2026-03-09,社交媒体
C00214,A店,2026-03-14,团购平台
C00215,A店,2026-03-30,团购平台
C00216,A店,2026-03-04,社交媒体
C00217,A店,2026-03-24,自然到店
C00218,A店,2026-03-27,团购平台
C00219,A店,2026-03-04,自然到店
C00220,A店,2026-03-12,老客介绍
C00221,A店,2026-03-09,团购平台
C00222,A店,2026-03-12,团购平台
C00223,A店,2026-03-27,社交媒体
C00224,A店,2026-03-16,团购平台
C00225,A店,2026-03-29,老客介绍
C00226,A店,2026-03-23,团购平台
C00227,A店,2026-03-03,团购平台
C00228,A店,2026-03-05,社交媒体
C00229,A店,2026-03-27,自然到店
C00230,A店,2026-03-29,自然到店
C00231,A店,2026-03-16,团购平台
C00232,A店,2026-03-13,团购平台
C00233,A店,2026-03-09,老客介绍
C00234,A店,2026-03-28,团购平台
C00235,A店,2026-03-23,老客介绍
C00236,A店,2026-03-27,社交媒体
C00237,A店,2026-03-03,社交媒体
C00238,A店,2026-03-23,自然到店
C00239,A店,2026-03-01,团购平台
C00240,A店,2026-03-22,老客介绍
C00241,A店,2026-04-11,社交媒体
C00242,A店,2026-04-07,自然到店
C00243,A店,2026-04-11,自然到店
C00244,A店,2026-04-16,自然到店
C00245,A店,2026-04-12,社交媒体
C00246,A店,2026-04-02,社交媒体
C00247,A店,2026-04-13,老客介绍
C00248,A店,2026-04-20,老客介绍
C00249,A店,2026-04-06,团购平台
C00250,A店,2026-04-04,团购平台
C00251,A店,2026-04-04,老客介绍
C00252,A店,2026-04-13,团购平台
C00253,A店,2026-04-26,团购平台
C00254,A店,2026-04-17,团购平台
C00255,A店,2026-04-15,团购平台
C00256,A店,2026-04-11,团购平台
C00257,A店,2026-04-02,团购平台
C00258,A店,2026-04-21,老客介绍
C00259,A店,2026-04-17,团购平台
C00260,A店,2026-04-06,社交媒体
C00261,A店,2026-04-02,社交媒体
C00262,A店,2026-04-27,老客介绍
C00263,A店,2026-04-20,自然到店
C00264,A店,2026-04-29,团购平台
C00265,A店,2026-04-29,自然到店
C00266,A店,2026-04-15,自然到店
C00267,A店,2026-04-06,团购平台
C00268,A店,2026-04-10,自然到店
C00269,A店,2026-04-03,团购平台
C00270,A店,2026-04-27,老客介绍
C00271,A店,2026-04-25,社交媒体
C00272,A店,2026-04-13,老客介绍
C00273,A店,2026-04-20,团购平台
C00274,A店,2026-04-24,社交媒体
C00275,A店,2026-04-28,自然到店
C00276,A店,2026-04-19,团购平台
C00277,A店,2026-04-09,老客介绍
C00278,A店,2026-04-08,自然到店
C00279,A店,2026-04-24,自然到店
C00280,A店,2026-04-13,自然到店
C00281,A店,2026-04-15,社交媒体
C00282,A店,2026-04-07,团购平台
C00283,A店,2026-04-12,团购平台
C00284,A店,2026-04-25,社交媒体
C00285,A店,2026-04-13,团购平台
C00286,A店,2026-04-05,老客介绍
C00287,A店,2026-04-17,团购平台
C00288,A店,2026-04-07,团购平台
C00289,A店,2026-04-27,老客介绍
C00290,A店,2026-04-05,自然到店
C00291,A店,2026-04-09,团购平台
C00292,A店,2026-04-05,社交媒体
C00293,A店,2026-04-30,老客介绍
C00294,A店,2026-04-29,老客介绍
C00295,A店,2026-04-07,社交媒体
C00296,A店,2026-04-17,自然到店
C00297,A店,2026-04-09,团购平台
C00298,A店,2026-04-29,老客介绍
C00299,A店,2026-04-26,老客介绍
C00300,A店,2026-04-09,自然到店
C00301,A店,2026-04-01,团购平台
C00302,A店,2026-04-24,团购平台
C00303,A店,2026-04-21,社交媒体
C00304,A店,2026-04-26,团购平台
C00305,A店,2026-04-22,团购平台
C00306,A店,2026-04-05,社交媒体
C00307,A店,2026-04-27,团购平台
C00308,A店,2026-04-08,团购平台
C00309,A店,2026-04-14,自然到店
C00310,A店,2026-04-19,自然到店
C00311,A店,2026-04-16,老客介绍
C00312,A店,2026-04-29,老客介绍
C00313,A店,2026-04-25,老客介绍
C00314,A店,2026-04-12,自然到店
C00315,A店,2026-04-16,老客介绍
C00316,A店,2026-04-14,社交媒体
C00317,A店,2026-04-20,自然到店
C00318,A店,2026-04-20,自然到店
C00319,A店,2026-04-19,社交媒体
C00320,A店,2026-04-30,社交媒体
C00321,A店,2026-05-07,社交媒体
C00322,A店,2026-05-27,自然到店
C00323,A店,2026-05-11,自然到店
C00324,A店,2026-05-25,自然到店
C00325,A店,2026-05-01,老客介绍
C00326,A店,2026-05-11,团购平台
C00327,A店,2026-05-24,社交媒体
C00328,A店,2026-05-10,自然到店
C00329,A店,2026-05-13,团购平台
C00330,A店,2026-05-10,自然到店
C00331,A店,2026-05-11,团购平台
C00332,A店,2026-05-02,社交媒体
C00333,A店,2026-05-12,老客介绍
C00334,A店,2026-05-23,自然到店
C00335,A店,2026-05-08,自然到店
C00336,A店,2026-05-28,自然到店
C00337,A店,2026-05-01,团购平台
C00338,A店,2026-05-12,团购平台
C00339,A店,2026-05-10,自然到店
C00340,A店,2026-05-11,社交媒体
C00341,A店,2026-05-25,老客介绍
C00342,A店,2026-05-25,团购平台
C00343,A店,2026-05-08,团购平台
C00344,A店,2026-05-11,老客介绍
C00345,A店,2026-05-22,社交媒体
C00346,A店,2026-05-09,社交媒体
C00347,A店,2026-05-12,自然到店
C00348,A店,2026-05-30,自然到店
C00349,A店,2026-05-23,团购平台
C00350,A店,2026-05-14,自然到店
C00351,A店,2026-05-24,老客介绍
C00352,A店,2026-05-01,社交媒体
C00353,A店,2026-05-08,团购平台
C00354,A店,2026-05-06,老客介绍
C00355,A店,2026-05-19,老客介绍
C00356,A店,2026-05-22,团购平台
C00357,A店,2026-05-29,自然到店
C00358,A店,2026-05-26,团购平台
C00359,A店,2026-05-17,团购平台
C00360,A店,2026-05-22,团购平台
C00361,A店,2026-05-25,社交媒体
C00362,A店,2026-05-29,团购平台
C00363,A店,2026-05-25,老客介绍
C00364,A店,2026-05-03,自然到店
C00365,A店,2026-05-20,团购平台
C00366,A店,2026-05-09,团购平台
C00367,A店,2026-05-29,老客介绍
C00368,A店,2026-05-03,老客介绍
C00369,A店,2026-05-24,老客介绍
C00370,A店,2026-05-07,团购平台
C00371,A店,2026-05-19,老客介绍
C00372,A店,2026-05-15,自然到店
C00373,A店,2026-05-03,自然到店
C00374,A店,2026-05-13,自然到店
C00375,A店,2026-05-26,团购平台
C00376,A店,2026-05-01,老客介绍
C00377,A店,2026-05-04,老客介绍
C00378,A店,2026-05-30,社交媒体
C00379,A店,2026-05-12,团购平台
C00380,A店,2026-05-12,自然到店
C00381,A店,2026-05-26,自然到店
C00382,A店,2026-05-04,自然到店
C00383,A店,2026-05-05,社交媒体
C00384,A店,2026-05-09,老客介绍
C00385,A店,2026-05-24,社交媒体
C00386,A店,2026-05-16,团购平台
C00387,A店,2026-05-25,团购平台
C00388,A店,2026-05-27,团购平台
C00389,A店,2026-05-27,团购平台
C00390,A店,2026-05-17,团购平台
C00391,A店,2026-05-30,社交媒体
C00392,A店,2026-05-14,自然到店
C00393,A店,2026-05-07,团购平台
C00394,A店,2026-05-04,团购平台
C00395,A店,2026-05-21,团购平台
C00396,A店,2026-05-05,自然到店
C00397,A店,2026-05-26,社交媒体
C00398,A店,2026-05-14,自然到店
C00399,A店,2026-05-25,团购平台
C00400,A店,2026-05-22,老客介绍
C00401,A店,2026-06-14,自然到店
C00402,A店,2026-06-11,团购平台
C00403,A店,2026-06-20,社交媒体
C00404,A店,2026-06-06,社交媒体
C00405,A店,2026-06-28,老客介绍
C00406,A店,2026-06-29,老客介绍
C00407,A店,2026-06-26,社交媒体
C00408,A店,2026-06-12,自然到店
C00409,A店,2026-06-08,团购平台
C00410,A店,2026-06-23,自然到店
C00411,A店,2026-06-24,老客介绍
C00412,A店,2026-06-16,自然到店
C00413,A店,2026-06-03,团购平台
C00414,A店,2026-06-06,自然到店
C00415,A店,2026-06-28,社交媒体
C00416,A店,2026-06-01,团购平台
C00417,A店,2026-06-04,团购平台
C00418,A店,2026-06-01,老客介绍
C00419,A店,2026-06-06,自然到店
C00420,A店,2026-06-08,老客介绍
C00421,A店,2026-06-10,老客介绍
C00422,A店,2026-06-21,社交媒体
C00423,A店,2026-06-16,自然到店
C00424,A店,2026-06-13,老客介绍
C00425,A店,2026-06-05,老客介绍
C00426,A店,2026-06-29,老客介绍
C00427,A店,2026-06-02,自然到店
C00428,A店,2026-06-28,老客介绍
C00429,A店,2026-06-07,老客介绍
C00430,A店,2026-06-01,团购平台
C00431,A店,2026-06-20,老客介绍
C00432,A店,2026-06-22,团购平台
C00433,A店,2026-06-23,老客介绍
C00434,A店,2026-06-13,自然到店
C00435,A店,2026-06-27,社交媒体
C00436,A店,2026-06-02,自然到店
C00437,A店,2026-06-03,团购平台
C00438,A店,2026-06-09,团购平台
C00439,A店,2026-06-23,团购平台
C00440,A店,2026-06-17,老客介绍
C00441,A店,2026-06-27,自然到店
C00442,A店,2026-06-23,团购平台
C00443,A店,2026-06-30,团购平台
C00444,A店,2026-06-01,老客介绍
C00445,A店,2026-06-13,老客介绍
C00446,A店,2026-06-28,自然到店
C00447,A店,2026-06-26,团购平台
C00448,A店,2026-06-30,团购平台
C00449,A店,2026-06-03,社交媒体
C00450,A店,2026-06-09,团购平台
C00451,A店,2026-06-06,团购平台
C00452,A店,2026-06-11,团购平台
C00453,A店,2026-06-13,老客介绍
C00454,A店,2026-06-02,自然到店
C00455,A店,2026-06-23,老客介绍
C00456,A店,2026-06-18,团购平台
C00457,A店,2026-06-12,自然到店
C00458,A店,2026-06-26,团购平台
C00459,A店,2026-06-30,团购平台
C00460,A店,2026-06-16,社交媒体
C00461,A店,2026-06-30,自然到店
C00462,A店,2026-06-12,老客介绍
C00463,A店,2026-06-17,自然到店
C00464,A店,2026-06-24,团购平台
C00465,A店,2026-06-03,老客介绍
C00466,A店,2026-06-19,自然到店
C00467,A店,2026-06-01,团购平台
C00468,A店,2026-06-01,团购平台
C00469,A店,2026-06-18,团购平台
C00470,A店,2026-06-06,团购平台
C00471,A店,2026-06-30,团购平台
C00472,A店,2026-06-06,老客介绍
C00473,A店,2026-06-28,自然到店
C00474,A店,2026-06-06,自然到店
C00475,A店,2026-06-22,团购平台
C00476,A店,2026-06-09,团购平台
C00477,A店,2026-06-23,团购平台
C00478,A店,2026-06-26,团购平台
C00479,A店,2026-06-23,自然到店
C00480,A店,2026-06-15,老客介绍
C00481,B店,2026-01-22,社交媒体
C00482,B店,2026-01-05,团购平台
C00483,B店,2026-01-18,团购平台
C00484,B店,2026-01-18,团购平台
C00485,B店,2026-01-09,团购平台
C00486,B店,2026-01-01,自然到店
C00487,B店,2026-01-28,自然到店
C00488,B店,2026-01-27,团购平台
C00489,B店,2026-01-10,社交媒体
C00490,B店,2026-01-04,社交媒体
C00491,B店,2026-01-04,自然到店
C00492,B店,2026-01-30,团购平台
C00493,B店,2026-01-24,社交媒体
C00494,B店,2026-01-19,团购平台
C00495,B店,2026-01-13,自然到店
C00496,B店,2026-01-23,老客介绍
C00497,B店,2026-01-23,自然到店
C00498,B店,2026-01-08,社交媒体
C00499,B店,2026-01-04,团购平台
C00500,B店,2026-01-04,社交媒体
C00501,B店,2026-01-28,团购平台
C00502,B店,2026-01-16,社交媒体
C00503,B店,2026-01-29,自然到店
C00504,B店,2026-01-19,老客介绍
C00505,B店,2026-01-13,自然到店
C00506,B店,2026-01-08,社交媒体
C00507,B店,2026-01-23,自然到店
C00508,B店,2026-01-25,社交媒体
C00509,B店,2026-01-17,自然到店
C00510,B店,2026-01-16,自然到店
C00511,B店,2026-01-07,团购平台
C00512,B店,2026-01-29,自然到店
C00513,B店,2026-01-14,社交媒体
C00514,B店,2026-01-04,团购平台
C00515,B店,2026-01-02,自然到店
C00516,B店,2026-01-07,自然到店
C00517,B店,2026-01-21,社交媒体
C00518,B店,2026-01-01,社交媒体
C00519,B店,2026-01-12,社交媒体
C00520,B店,2026-01-06,自然到店
C00521,B店,2026-02-04,团购平台
C00522,B店,2026-02-05,团购平台
C00523,B店,2026-02-22,团购平台
C00524,B店,2026-02-23,团购平台
C00525,B店,2026-02-19,社交媒体
C00526,B店,2026-02-19,自然到店
C00527,B店,2026-02-07,社交媒体
C00528,B店,2026-02-03,社交媒体
C00529,B店,2026-02-28,自然到店
C00530,B店,2026-02-02,团购平台
C00531,B店,2026-02-09,自然到店
C00532,B店,2026-02-26,自然到店
C00533,B店,2026-02-22,自然到店
C00534,B店,2026-02-06,团购平台
C00535,B店,2026-02-15,团购平台
C00536,B店,2026-02-12,老客介绍
C00537,B店,2026-02-20,团购平台
C00538,B店,2026-02-16,自然到店
C00539,B店,2026-02-13,老客介绍
C00540,B店,2026-02-17,自然到店
C00541,B店,2026-02-02,老客介绍
C00542,B店,2026-02-01,团购平台
C00543,B店,2026-02-28,老客介绍
C00544,B店,2026-02-24,自然到店
C00545,B店,2026-02-07,老客介绍
C00546,B店,2026-02-05,团购平台
C00547,B店,2026-02-10,老客介绍
C00548,B店,2026-02-03,老客介绍
C00549,B店,2026-02-25,老客介绍
C00550,B店,2026-02-18,团购平台
C00551,B店,2026-02-17,团购平台
C00552,B店,2026-02-06,团购平台
C00553,B店,2026-02-11,自然到店
C00554,B店,2026-02-17,自然到店
C00555,B店,2026-02-03,自然到店
C00556,B店,2026-02-07,老客介绍
C00557,B店,2026-02-24,自然到店
C00558,B店,2026-02-04,老客介绍
C00559,B店,2026-02-07,团购平台
C00560,B店,2026-02-27,团购平台
C00561,B店,2026-03-24,自然到店
C00562,B店,2026-03-22,自然到店
C00563,B店,2026-03-04,团购平台
C00564,B店,2026-03-07,团购平台
C00565,B店,2026-03-30,自然到店
C00566,B店,2026-03-27,老客介绍
C00567,B店,2026-03-24,自然到店
C00568,B店,2026-03-07,社交媒体
C00569,B店,2026-03-25,自然到店
C00570,B店,2026-03-17,团购平台
C00571,B店,2026-03-29,自然到店
C00572,B店,2026-03-29,团购平台
C00573,B店,2026-03-30,团购平台
C00574,B店,2026-03-04,自然到店
C00575,B店,2026-03-19,团购平台
C00576,B店,2026-03-23,团购平台
C00577,B店,2026-03-10,团购平台
C00578,B店,2026-03-03,社交媒体
C00579,B店,2026-03-05,老客介绍
C00580,B店,2026-03-28,自然到店
C00581,B店,2026-03-25,自然到店
C00582,B店,2026-03-21,自然到店
C00583,B店,2026-03-22,团购平台
C00584,B店,2026-03-01,团购平台
C00585,B店,2026-03-29,团购平台
C00586,B店,2026-03-25,老客介绍
C00587,B店,2026-03-12,老客介绍
C00588,B店,2026-03-11,团购平台
C00589,B店,2026-03-08,团购平台
C00590,B店,2026-03-06,老客介绍
C00591,B店,2026-03-13,自然到店
C00592,B店,2026-03-11,团购平台
C00593,B店,2026-03-09,自然到店
C00594,B店,2026-03-28,团购平台
C00595,B店,2026-03-08,团购平台
C00596,B店,2026-03-29,自然到店
C00597,B店,2026-03-03,团购平台
C00598,B店,2026-03-19,团购平台
C00599,B店,2026-03-07,自然到店
C00600,B店,2026-03-06,自然到店
C00601,B店,2026-04-04,自然到店
C00602,B店,2026-04-12,老客介绍
C00603,B店,2026-04-11,自然到店
C00604,B店,2026-04-09,团购平台
C00605,B店,2026-04-22,团购平台
C00606,B店,2026-04-09,团购平台
C00607,B店,2026-04-22,团购平台
C00608,B店,2026-04-04,团购平台
C00609,B店,2026-04-15,社交媒体
C00610,B店,2026-04-04,老客介绍
C00611,B店,2026-04-26,自然到店
C00612,B店,2026-04-06,自然到店
C00613,B店,2026-04-04,团购平台
C00614,B店,2026-04-19,自然到店
C00615,B店,2026-04-22,自然到店
C00616,B店,2026-04-05,社交媒体
C00617,B店,2026-04-27,团购平台
C00618,B店,2026-04-10,社交媒体
C00619,B店,2026-04-26,团购平台
C00620,B店,2026-04-13,老客介绍
C00621,B店,2026-04-03,团购平台
C00622,B店,2026-04-20,团购平台
C00623,B店,2026-04-19,自然到店
C00624,B店,2026-04-06,团购平台
C00625,B店,2026-04-19,自然到店
C00626,B店,2026-04-12,自然到店
C00627,B店,2026-04-05,团购平台
C00628,B店,2026-04-18,社交媒体
C00629,B店,2026-04-30,老客介绍
C00630,B店,2026-04-26,团购平台
C00631,B店,2026-04-28,团购平台
C00632,B店,2026-04-01,自然到店
C00633,B店,2026-04-30,老客介绍
C00634,B店,2026-04-26,自然到店
C00635,B店,2026-04-07,自然到店
C00636,B店,2026-04-17,自然到店
C00637,B店,2026-04-28,自然到店
C00638,B店,2026-04-04,团购平台
C00639,B店,2026-04-17,团购平台
C00640,B店,2026-04-26,团购平台
C00641,B店,2026-05-18,老客介绍
C00642,B店,2026-05-09,团购平台
C00643,B店,2026-05-27,团购平台
C00644,B店,2026-05-28,自然到店
C00645,B店,2026-05-08,自然到店
C00646,B店,2026-05-28,老客介绍
C00647,B店,2026-05-24,自然到店
C00648,B店,2026-05-20,社交媒体
C00649,B店,2026-05-29,团购平台
C00650,B店,2026-05-24,团购平台
C00651,B店,2026-05-06,团购平台
C00652,B店,2026-05-20,自然到店
C00653,B店,2026-05-07,团购平台
C00654,B店,2026-05-22,老客介绍
C00655,B店,2026-05-21,自然到店
C00656,B店,2026-05-17,团购平台
C00657,B店,2026-05-13,自然到店
C00658,B店,2026-05-07,自然到店
C00659,B店,2026-05-27,社交媒体
C00660,B店,2026-05-14,社交媒体
C00661,B店,2026-05-08,团购平台
C00662,B店,2026-05-28,社交媒体
C00663,B店,2026-05-24,团购平台
C00664,B店,2026-05-09,社交媒体
C00665,B店,2026-05-06,团购平台
C00666,B店,2026-05-17,社交媒体
C00667,B店,2026-05-18,社交媒体
C00668,B店,2026-05-13,团购平台
C00669,B店,2026-05-18,老客介绍
C00670,B店,2026-05-12,团购平台
C00671,B店,2026-05-21,团购平台
C00672,B店,2026-05-21,自然到店
C00673,B店,2026-05-07,社交媒体
C00674,B店,2026-05-24,社交媒体
C00675,B店,2026-05-17,自然到店
C00676,B店,2026-05-19,老客介绍
C00677,B店,2026-05-23,社交媒体
C00678,B店,2026-05-04,自然到店
C00679,B店,2026-05-24,老客介绍
C00680,B店,2026-05-07,自然到店
C00681,B店,2026-06-17,自然到店
C00682,B店,2026-06-21,团购平台
C00683,B店,2026-06-13,自然到店
C00684,B店,2026-06-13,团购平台
C00685,B店,2026-06-19,团购平台
C00686,B店,2026-06-15,自然到店
C00687,B店,2026-06-25,社交媒体
C00688,B店,2026-06-05,社交媒体
C00689,B店,2026-06-02,自然到店
C00690,B店,2026-06-01,老客介绍
C00691,B店,2026-06-28,自然到店
C00692,B店,2026-06-08,自然到店
C00693,B店,2026-06-21,老客介绍
C00694,B店,2026-06-12,老客介绍
C00695,B店,2026-06-26,自然到店
C00696,B店,2026-06-02,自然到店
C00697,B店,2026-06-03,老客介绍
C00698,B店,2026-06-15,自然到店
C00699,B店,2026-06-15,团购平台
C00700,B店,2026-06-16,老客介绍
C00701,B店,2026-06-18,社交媒体
C00702,B店,2026-06-18,自然到店
C00703,B店,2026-06-26,社交媒体
C00704,B店,2026-06-12,团购平台
C00705,B店,2026-06-14,自然到店
C00706,B店,2026-06-16,团购平台
C00707,B店,2026-06-18,自然到店
C00708,B店,2026-06-22,社交媒体
C00709,B店,2026-06-27,团购平台
C00710,B店,2026-06-03,自然到店
C00711,B店,2026-06-04,老客介绍
C00712,B店,2026-06-19,自然到店
C00713,B店,2026-06-22,团购平台
C00714,B店,2026-06-27,社交媒体
C00715,B店,2026-06-17,老客介绍
C00716,B店,2026-06-22,自然到店
C00717,B店,2026-06-26,自然到店
C00718,B店,2026-06-25,团购平台
C00719,B店,2026-06-19,社交媒体
C00720,B店,2026-06-29,自然到店
